Num,TimeStamp,RunTimeRemaining,VolatgeDC,CurrentDC
1 ,2019-01-11 13:38:06.813375, NA, 543.9298706054688, NA,
2 ,2019-01-11 13:38:07.834791, 401.16204833984375, 543.8875732421875, 0.03435162827372551,
3 ,2019-01-11 13:38:08.856269, 401.16204833984375, 543.84521484375, 0.0,
4 ,2019-01-11 13:38:09.778590, 401.16204833984375, 543.90869140625, 0.04580216854810715,
5 ,2019-01-11 13:38:10.809025, 401.16204833984375, 544.7132568359375, 0.015267389826476574,
6 ,2019-01-11 13:38:11.832610, 401.16204833984375, 544.6708984375, 0.0038168474566191435,
7 ,2019-01-11 13:38:12.854730, 401.16204833984375, 544.6708984375, 0.015267389826476574,
8 ,2019-01-11 13:38:13.778006, 401.16204833984375, 544.7132568359375, -0.03435162827372551,
9 ,2019-01-11 13:38:14.810011, 401.16204833984375, 544.692138671875, 0.011450542137026787,
10 ,2019-01-11 13:38:15.836935, 401.16204833984375, 543.90869140625, -0.015267389826476574,
11 ,2019-01-11 13:38:16.855966, 401.16204833984375, 543.8875732421875, 0.011450542137026787,
12 ,2019-01-11 13:38:17.879583, 401.16204833984375, 543.8663330078125, -0.03816847503185272,
13 ,2019-01-11 13:38:18.804295, 401.16204833984375, 543.8875732421875, 0.01908423751592636,
14 ,2019-01-11 13:38:19.829816, 401.16204833984375, 544.6708984375, 0.03816847503185272,
15 ,2019-01-11 13:38:20.850131, 401.16204833984375, 544.692138671875, 0.007633694913238287,
16 ,2019-01-11 13:38:21.871740, 401.16204833984375, 544.6286010742188, 0.026717932894825935,
17 ,2019-01-11 13:38:22.794818, 401.16204833984375, 544.6497802734375, 0.022901084274053574,
18 ,2019-01-11 13:38:23.822507, 401.16204833984375, 543.8875732421875, -0.007633694913238287,
19 ,2019-01-11 13:38:24.846659, 401.16204833984375, 543.8875732421875, -0.03435162827372551,
20 ,2019-01-11 13:38:25.868565, 401.16204833984375, 543.8663330078125, 0.03816847503185272,
21 ,2019-01-11 13:38:26.789407, 401.16204833984375, 543.8663330078125, -0.015267389826476574,
22 ,2019-01-11 13:38:27.816902, 401.16204833984375, 543.8663330078125, 0.026717932894825935,
23 ,2019-01-11 13:38:28.847392, 401.16204833984375, 544.6708984375, 0.041985321789979935,
24 ,2019-01-11 13:38:29.772586, 401.16204833984375, 544.6708984375, 0.007633694913238287,
25 ,2019-01-11 13:38:30.870444, 401.16204833984375, 544.692138671875, -0.0038168474566191435,
26 ,2019-01-11 13:38:31.809139, 401.16204833984375, 544.6497802734375, 0.03435162827372551,
27 ,2019-01-11 13:38:32.859040, 401.16204833984375, 543.8663330078125, -0.030534779652953148,
28 ,2019-01-11 13:38:33.913510, 401.16204833984375, 543.8663330078125, -0.007633694913238287,
29 ,2019-01-11 13:38:34.846129, 401.16204833984375, 543.90869140625, 0.04580216854810715,
30 ,2019-01-11 13:38:35.780288, 401.16204833984375, 543.8663330078125, -0.015267389826476574,
31 ,2019-01-11 13:38:36.832666, 401.16204833984375, 543.8663330078125, 0.007633694913238287,
32 ,2019-01-11 13:38:37.862904, 401.16204833984375, 543.8875732421875, 0.01908423751592636,
33 ,2019-01-11 13:38:38.805995, 401.16204833984375, 543.8663330078125, 0.0038168474566191435,
34 ,2019-01-11 13:38:39.854994, 401.16204833984375, 543.8875732421875, -0.0038168474566191435,
35 ,2019-01-11 13:38:40.794175, 401.16204833984375, 543.84521484375, 0.015267389826476574,
36 ,2019-01-11 13:38:41.841833, 401.16204833984375, 543.8663330078125, -0.03435162827372551,
37 ,2019-01-11 13:38:42.890990, 401.16204833984375, NA, 0.015267389826476574,
38 ,2019-01-11 13:38:43.828651, 401.16204833984375, 543.90869140625, 0.03816847503185272,
39 ,2019-01-11 13:38:44.874783, 401.16204833984375, 543.8875732421875, -0.011450542137026787,
40 ,2019-01-11 13:38:45.918242, 401.16204833984375, 543.9298706054688, 0.01908423751592636,
41 ,2019-01-11 13:38:46.852231, 401.16204833984375, 543.8875732421875, 0.011450542137026787,
42 ,2019-01-11 13:38:47.901314, 401.16204833984375, 543.929931640625, 0.041985321789979935,
43 ,2019-01-11 13:38:48.803424, 401.16204833984375, 543.8663330078125, 0.007633694913238287,
44 ,2019-01-11 13:38:49.849331, 401.16204833984375, 543.8875732421875, 0.026717932894825935,
45 ,2019-01-11 13:38:50.773936, 401.16204833984375, 543.8663330078125, 0.015267389826476574,
46 ,2019-01-11 13:38:51.808468, 401.16204833984375, 543.8663330078125, -0.026717932894825935,
47 ,2019-01-11 13:38:52.860989, 401.16204833984375, 543.8875732421875, 0.022901084274053574,
48 ,2019-01-11 13:38:53.779051, 401.16204833984375, 543.8663330078125, 0.007633694913238287,
49 ,2019-01-11 13:38:54.813097, 401.16204833984375, 543.8663330078125, -0.015267389826476574,
50 ,2019-01-11 13:38:55.866724, 401.16204833984375, NA, 0.0038168474566191435,
51 ,2019-01-11 13:38:56.916673, 401.16204833984375, 543.8663330078125, 0.041985321789979935,
52 ,2019-01-11 13:38:57.855343, 401.16204833984375, 543.8663330078125, -0.026717932894825935,
53 ,2019-01-11 13:38:58.788164, 401.16204833984375, 543.8875732421875, -0.0038168474566191435,
54 ,2019-01-11 13:38:59.898422, 401.16204833984375, 544.6708984375, 0.0038168474566191435,
55 ,2019-01-11 13:39:00.823864, 401.16204833984375, 544.6708984375, -0.011450542137026787,
56 ,2019-01-11 13:39:01.845395, 401.16204833984375, 544.7132568359375, 0.015267389826476574,
57 ,2019-01-11 13:39:02.870395, 401.16204833984375, 544.6920776367188, 0.01908423751592636,
58 ,2019-01-11 13:39:03.798235, 401.16204833984375, 543.8663330078125, -0.01908423751592636,
59 ,2019-01-11 13:39:04.820917, 401.16204833984375, 543.8028564453125, 0.011450542137026787,
60 ,2019-01-11 13:39:05.843143, 401.16204833984375, 543.8875732421875, 0.026717932894825935,
61 ,2019-01-11 13:39:06.772558, 401.16204833984375, 489.1981201171875, -20.954492568969727,
62 ,2019-01-11 13:39:07.800972, 401.16204833984375, 476.7273254394531, -21.687326431274414,
63 ,2019-01-11 13:39:08.824012, 401.16204833984375, 470.16375732421875, -22.30565643310547,
64 ,2019-01-11 13:39:09.846753, 401.16204833984375, 467.2419128417969, -22.504133224487305,
65 ,2019-01-11 13:39:10.872254, 401.16204833984375, 465.92919921875, -22.500316619873047,
66 ,2019-01-11 13:39:11.796329, 401.16204833984375, 465.3786926269531, -22.59955406188965,
67 ,2019-01-11 13:39:12.817537, 401.16204833984375, 465.3575439453125, -22.569019317626953,
68 ,2019-01-11 13:39:13.845257, 400.3739013671875, 465.4422302246094, -22.717876434326172,
69 ,2019-01-11 13:39:14.865791, 399.5857849121094, 465.5057373046875, -22.626272201538086,
70 ,2019-01-11 13:39:15.789711, 398.7976379394531, 465.6539306640625, -22.561386108398438,
71 ,2019-01-11 13:39:16.810453, 398.0094909667969, 465.8021545410156, -22.611003875732422,
72 ,2019-01-11 13:39:17.832560, 397.2213439941406, 465.9927062988281, -22.6339054107666,
73 ,2019-01-11 13:39:18.853663, 396.4332275390625, 466.1832580566406, -22.53466796875,
74 ,2019-01-11 13:39:19.877037, 395.64508056640625, 466.2467956542969, -22.569019317626953,
75 ,2019-01-11 13:39:20.796809, 394.85693359375, 466.310302734375, -22.57283592224121,
76 ,2019-01-11 13:39:21.824432, 394.0688171386719, 466.310302734375, -22.546117782592773,
77 ,2019-01-11 13:39:22.846919, 393.2806701660156, 466.4373474121094, -22.538484573364258,
78 ,2019-01-11 13:39:23.867101, 392.4925231933594, 466.5008544921875, -22.561386108398438,
79 ,2019-01-11 13:39:24.794597, 391.70440673828125, 466.62786865234375, -22.557567596435547,
80 ,2019-01-11 13:39:25.923057, 390.916259765625, 466.69140625, -22.591920852661133,
81 ,2019-01-11 13:39:26.843620, 390.12811279296875, 466.7337646484375, -22.57665252685547,
82 ,2019-01-11 13:39:27.768441, 389.3399963378906, 466.69140625, -22.542301177978516,
83 ,2019-01-11 13:39:28.890478, 388.5518493652344, 466.776123046875, -22.569019317626953,
84 ,2019-01-11 13:39:29.811299, 387.7637023925781, 466.71258544921875, -22.57665252685547,
85 ,2019-01-11 13:39:30.815841, 386.9755554199219, NA, -22.523216247558594,
86 ,2019-01-11 13:39:31.864413, 386.18743896484375, 466.69140625, -22.496498107910156,
87 ,2019-01-11 13:39:32.803169, 385.3992919921875, 466.71258544921875, -22.504133224487305,
88 ,2019-01-11 13:39:33.849407, 384.61114501953125, 466.6278991699219, -22.57283592224121,
89 ,2019-01-11 13:39:34.783580, 383.8230285644531, 466.5855407714844, -22.454513549804688,
90 ,2019-01-11 13:39:35.837130, 383.0348815917969, 466.6278991699219, -22.538484573364258,
91 ,2019-01-11 13:39:36.869940, 382.2467346191406, 466.62786865234375, -22.57283592224121,
92 ,2019-01-11 13:39:37.809207, 381.4586181640625, 466.543212890625, -22.59573745727539,
93 ,2019-01-11 13:39:38.856883, 380.67047119140625, 466.5008544921875, -22.542301177978516,
94 ,2019-01-11 13:39:39.793005, 379.88232421875, 466.45849609375, -22.611003875732422,
95 ,2019-01-11 13:39:40.837701, 379.0942077636719, 466.3949890136719, -22.485048294067383,
96 ,2019-01-11 13:39:41.877652, 378.3060607910156, 466.33148193359375, -22.607187271118164,
97 ,2019-01-11 13:39:42.931627, 377.5179138183594, 466.33148193359375, -22.538484573364258,
98 ,2019-01-11 13:39:43.863776, 376.7297668457031, 466.28912353515625, -22.446880340576172,
99 ,2019-01-11 13:39:44.798116, 375.941650390625, 466.2256164550781, -22.591920852661133,
100 ,2019-01-11 13:39:45.850449, 375.15350341796875, 466.162109375, -22.557567596435547,
101 ,2019-01-11 13:39:46.899343, 374.3653564453125, 466.14093017578125, -22.557567596435547,
102 ,2019-01-11 13:39:47.823528, 373.5772399902344, 466.05621337890625, -22.57283592224121,
103 ,2019-01-11 13:39:48.864572, 372.7890930175781, 466.05621337890625, -22.57665252685547,
104 ,2019-01-11 13:39:49.906005, 372.0009460449219, 465.9927062988281, -22.591920852661133,
105 ,2019-01-11 13:39:50.828681, 371.21282958984375, 465.92919921875, -22.66062355041504,
106 ,2019-01-11 13:39:51.876212, 370.4246826171875, 465.8021545410156, -22.53466796875,
107 ,2019-01-11 13:39:52.893753, 369.63653564453125, 465.8233337402344, -22.569019317626953,
108 ,2019-01-11 13:39:53.832236, 368.848388671875, 465.7386474609375, -22.668256759643555,
109 ,2019-01-11 13:39:54.880363, 368.0602722167969, 465.6539306640625, -22.588102340698242,
110 ,2019-01-11 13:39:55.814986, 367.2721252441406, 465.67510986328125, -22.584285736083984,
111 ,2019-01-11 13:39:56.867129, 366.4839782714844, 465.52691650390625, -22.55375099182129,
112 ,2019-01-11 13:39:57.799805, 365.69586181640625, 465.4210205078125, -22.59955406188965,
113 ,2019-01-11 13:39:58.855361, 364.90771484375, 465.3786926269531, -22.618637084960938,
114 ,2019-01-11 13:39:59.850457, 364.11956787109375, 465.33636474609375, -22.622455596923828,
115 ,2019-01-11 13:40:00.769498, 363.3314514160156, 465.2093200683594, -22.591920852661133,
116 ,2019-01-11 13:40:01.795171, 362.5433044433594, 465.1246337890625, -22.65680694580078,
117 ,2019-01-11 13:40:02.827987, 361.7551574707031, 465.10345458984375, -22.569019317626953,
118 ,2019-01-11 13:40:03.849086, 360.967041015625, 465.0187683105469, -22.645355224609375,
119 ,2019-01-11 13:40:04.874227, 360.17889404296875, 464.93408203125, -22.668256759643555,
120 ,2019-01-11 13:40:05.795076, 359.3907470703125, 464.87054443359375, -22.57665252685547,
121 ,2019-01-11 13:40:06.816590, 358.60260009765625, 464.72235107421875, -22.645355224609375,
122 ,2019-01-11 13:40:07.839191, 357.8144836425781, 464.76470947265625, -22.67588996887207,
123 ,2019-01-11 13:40:08.859863, 357.0263366699219, 464.67999267578125, -22.67588996887207,
124 ,2019-01-11 13:40:09.886379, 356.2381896972656, 464.5953063964844, -22.54993438720703,
125 ,2019-01-11 13:40:10.811926, 355.4500732421875, 464.44708251953125, -22.591920852661133,
126 ,2019-01-11 13:40:11.833297, 354.66192626953125, 464.5106201171875, -22.6339054107666,
127 ,2019-01-11 13:40:12.856297, 353.873779296875, 464.4047546386719, -22.61482048034668,
128 ,2019-01-11 13:40:13.875416, 353.0856628417969, 464.2777099609375, -22.641538619995117,
129 ,2019-01-11 13:40:14.797633, 352.2975158691406, 464.1930236816406, -22.641538619995117,
130 ,2019-01-11 13:40:15.820654, 351.5093688964844, 464.1295166015625, -22.626272201538086,
131 ,2019-01-11 13:40:16.846610, 350.72125244140625, 463.9812927246094, -22.645355224609375,
132 ,2019-01-11 13:40:17.766745, 349.93310546875, 463.9601135253906, -22.57665252685547,
133 ,2019-01-11 13:40:18.791190, 349.14495849609375, 463.9389343261719, -22.61482048034668,
134 ,2019-01-11 13:40:19.812509, 348.3568115234375, 463.8966064453125, -22.59573745727539,
135 ,2019-01-11 13:40:20.838611, 347.5686950683594, 463.7907409667969, -22.664440155029297,
136 ,2019-01-11 13:40:21.865581, 346.7805480957031, 463.68487548828125, -22.588102340698242,
137 ,2019-01-11 13:40:22.787230, 345.9924011230469, 463.621337890625, -22.691158294677734,
138 ,2019-01-11 13:40:23.810513, 345.20428466796875, 463.5790100097656, -22.630088806152344,
139 ,2019-01-11 13:40:24.833539, 344.4161376953125, 463.47314453125, -22.694974899291992,
140 ,2019-01-11 13:40:25.854741, 343.62799072265625, 463.45196533203125, -22.729326248168945,
141 ,2019-01-11 13:40:26.875733, 342.8398742675781, 463.4307861328125, -22.73695945739746,
142 ,2019-01-11 13:40:27.796026, 342.0517272949219, 463.240234375, -22.725509643554688,
143 ,2019-01-11 13:40:28.819541, 341.2635803222656, 463.1767272949219, -22.717876434326172,
144 ,2019-01-11 13:40:29.838150, 340.4754638671875, 463.092041015625, -22.687341690063477,
145 ,2019-01-11 13:40:30.844014, 339.68731689453125, 462.88031005859375, -22.7636775970459,
146 ,2019-01-11 13:40:31.899050, 338.899169921875, 462.88031005859375, -22.771312713623047,
147 ,2019-01-11 13:40:32.831749, 338.11102294921875, 462.7744445800781, -22.729326248168945,
148 ,2019-01-11 13:40:33.879923, 337.3229064941406, 462.7744445800781, -22.67970848083496,
149 ,2019-01-11 13:40:34.819091, 336.5347595214844, 462.7109375, -22.771312713623047,
150 ,2019-01-11 13:40:35.868065, 335.7466125488281, 462.5838623046875, -22.687341690063477,
151 ,2019-01-11 13:40:36.807395, 334.95849609375, 462.49920654296875, -22.8056640625,
152 ,2019-01-11 13:40:37.855879, 334.17034912109375, 462.45684814453125, -22.714059829711914,
153 ,2019-01-11 13:40:38.790982, 333.3822021484375, 462.393310546875, -22.752227783203125,
154 ,2019-01-11 13:40:39.827655, 332.5940856933594, 462.22393798828125, -22.767494201660156,
155 ,2019-01-11 13:40:40.875014, 331.8059387207031, 462.2027587890625, -22.84764862060547,
156 ,2019-01-11 13:40:41.813273, 331.0177917480469, 462.1392517089844, -22.733142852783203,
157 ,2019-01-11 13:40:42.861893, 330.22967529296875, 461.99102783203125, -22.73695945739746,
158 ,2019-01-11 13:40:43.796051, 329.4415283203125, 461.99102783203125, -22.82093048095703,
159 ,2019-01-11 13:40:44.833734, 328.65338134765625, 461.80047607421875, -22.79802894592285,
160 ,2019-01-11 13:40:45.766286, 327.865234375, 461.7158203125, -22.767494201660156,
161 ,2019-01-11 13:40:46.936920, 327.0771179199219, 461.69464111328125, -22.771312713623047,
162 ,2019-01-11 13:40:47.869540, 326.2889709472656, 461.69464111328125, -22.786579132080078,
163 ,2019-01-11 13:40:48.803692, 325.5008239746094, 461.631103515625, -22.82474708557129,
164 ,2019-01-11 13:40:49.856170, 324.71270751953125, 461.31353759765625, -22.94688606262207,
165 ,2019-01-11 13:40:50.902125, 323.924560546875, 461.41937255859375, -22.733142852783203,
166 ,2019-01-11 13:40:51.828437, 323.13641357421875, 461.22882080078125, -22.714059829711914,
167 ,2019-01-11 13:40:52.873100, 322.3482971191406, 461.2076416015625, -22.74459457397461,
168 ,2019-01-11 13:40:53.810891, 321.5601501464844, 461.1017761230469, -22.7636775970459,
169 ,2019-01-11 13:40:54.864611, 320.7720031738281, 461.01708984375, -22.6339054107666,
170 ,2019-01-11 13:40:55.796779, 319.98388671875, 461.18646240234375, -22.668256759643555,
171 ,2019-01-11 13:40:56.850454, 319.19573974609375, 461.0594482421875, -22.832382202148438,
172 ,2019-01-11 13:40:57.766218, 318.4075927734375, 461.03826904296875, -23.130096435546875,
173 ,2019-01-11 13:40:58.798262, 317.61944580078125, 460.7206726074219, -22.95452117919922,
174 ,2019-01-11 13:40:59.808164, 316.8313293457031, 460.69952392578125, -22.859100341796875,
175 ,2019-01-11 13:41:00.827140, 316.0431823730469, 460.55126953125, -22.88963508605957,
176 ,2019-01-11 13:41:01.849324, 315.2550354003906, 460.55126953125, -22.878183364868164,
177 ,2019-01-11 13:41:02.880668, 314.4669189453125, 460.48779296875, -22.813297271728516,
178 ,2019-01-11 13:41:03.801079, 313.67877197265625, 460.23370361328125, -22.813297271728516,
179 ,2019-01-11 13:41:04.828791, 312.890625, 460.3607177734375, -22.828563690185547,
180 ,2019-01-11 13:41:05.851549, 312.1025085449219, 459.9796142578125, -22.943069458007812,
181 ,2019-01-11 13:41:06.875113, 311.3143615722656, 460.04315185546875, -22.790395736694336,
182 ,2019-01-11 13:41:07.796248, 310.5262145996094, 460.0854797363281, -22.93161964416504,
183 ,2019-01-11 13:41:08.819098, 309.7380676269531, 459.61968994140625, -22.813297271728516,
184 ,2019-01-11 13:41:09.842566, 308.949951171875, 459.61968994140625, -22.923986434936523,
185 ,2019-01-11 13:41:10.762888, 308.16180419921875, 459.7467346191406, -22.82474708557129,
186 ,2019-01-11 13:41:11.886627, 307.3736572265625, 459.57733154296875, -22.901084899902344,
187 ,2019-01-11 13:41:12.807394, 306.5855407714844, 459.5138244628906, -22.88963508605957,
188 ,2019-01-11 13:41:13.832588, 305.7973937988281, 459.4503173828125, -22.630088806152344,
189 ,2019-01-11 13:41:14.854485, 305.0092468261719, 459.47149658203125, -22.828563690185547,
190 ,2019-01-11 13:41:15.877098, 304.22113037109375, 459.38677978515625, -22.862916946411133,
191 ,2019-01-11 13:41:16.802479, 303.4329833984375, 459.259765625, -22.923986434936523,
192 ,2019-01-11 13:41:17.830549, 302.64483642578125, 459.1327209472656, -22.977420806884766,
193 ,2019-01-11 13:41:18.851153, 301.8567199707031, 458.9209899902344, -22.92780303955078,
194 ,2019-01-11 13:41:19.873006, 301.0685729980469, 458.89984130859375, -22.88581657409668,
195 ,2019-01-11 13:41:20.794839, 300.2804260253906, 458.85748291015625, -23.019407272338867,
196 ,2019-01-11 13:41:21.817014, 299.4922790527344, 458.8363037109375, -22.809480667114258,
197 ,2019-01-11 13:41:22.838289, 298.70416259765625, 458.66693115234375, -23.004138946533203,
198 ,2019-01-11 13:41:23.861244, 297.916015625, 458.66693115234375, -22.828563690185547,
199 ,2019-01-11 13:41:24.781994, 297.12786865234375, 458.4975280761719, -23.019407272338867,
200 ,2019-01-11 13:41:25.813079, 296.3397521972656, 458.3069763183594, -22.859100341796875,
201 ,2019-01-11 13:41:26.830498, 295.5516052246094, 458.24346923828125, -22.90871810913086,
202 ,2019-01-11 13:41:27.851994, 294.7634582519531, 458.2646484375, -22.88581657409668,
203 ,2019-01-11 13:41:28.873965, 293.975341796875, 458.179931640625, -23.019407272338867,
204 ,2019-01-11 13:41:29.799900, 293.18719482421875, 457.947021484375, -23.046125411987305,
205 ,2019-01-11 13:41:30.792718, 292.3990478515625, 457.8835144042969, -23.01177406311035,
206 ,2019-01-11 13:41:31.829392, 291.6109313964844, 457.86236572265625, -22.943069458007812,
207 ,2019-01-11 13:41:32.877388, 290.8227844238281, 457.73529052734375, -22.920169830322266,
208 ,2019-01-11 13:41:33.812528, 290.0346374511719, 457.56591796875, -22.923986434936523,
209 ,2019-01-11 13:41:34.860598, 289.2464904785156, 457.5235900878906, -22.96978759765625,
210 ,2019-01-11 13:41:35.799786, 288.4583740234375, 457.3330078125, -22.920169830322266,
211 ,2019-01-11 13:41:36.848837, 287.67022705078125, 457.417724609375, -22.881999969482422,
212 ,2019-01-11 13:41:37.882083, 286.882080078125, 457.20599365234375, -22.977420806884766,
213 ,2019-01-11 13:41:38.819940, 286.0939636230469, 457.12127685546875, NA,
214 ,2019-01-11 13:41:39.869410, 285.3058166503906, 457.1424560546875, -22.996505737304688,
215 ,2019-01-11 13:41:40.808108, 284.5176696777344, 456.9095764160156, -22.965970993041992,
216 ,2019-01-11 13:41:41.849525, 283.72955322265625, 456.8883972167969, -22.985055923461914,
217 ,2019-01-11 13:41:42.890492, 282.94140625, 456.74017333984375, -23.01559066772461,
218 ,2019-01-11 13:41:43.828185, 282.15325927734375, 456.74017333984375, -22.912534713745117,
219 ,2019-01-11 13:41:44.873890, 281.3651428222656, 456.67669677734375, -23.09574317932129,
220 ,2019-01-11 13:41:45.778782, 280.5769958496094, 456.50726318359375, -22.985055923461914,
221 ,2019-01-11 13:41:46.834036, 279.7888488769531, 456.3802490234375, -23.11482810974121,
222 ,2019-01-11 13:41:47.881457, 279.0007019042969, 456.2743835449219, -23.038490295410156,
223 ,2019-01-11 13:41:48.821035, 278.21258544921875, 456.25323486328125, -23.004138946533203,
224 ,2019-01-11 13:41:49.868674, 277.4244384765625, 456.12615966796875, -23.027040481567383,
225 ,2019-01-11 13:41:50.802192, 276.63629150390625, 455.9991455078125, -23.103378295898438,
226 ,2019-01-11 13:41:51.855293, 275.8481750488281, 456.02032470703125, -23.111011505126953,
227 ,2019-01-11 13:41:52.788400, 275.0600280761719, 455.8721008300781, -23.11482810974121,
228 ,2019-01-11 13:41:53.828186, 274.2718811035156, 455.7662353515625, -23.019407272338867,
229 ,2019-01-11 13:41:54.876633, 273.4837646484375, 455.723876953125, -23.061391830444336,
230 ,2019-01-11 13:41:55.809901, 272.69561767578125, 455.6391906738281, -23.14154624938965,
231 ,2019-01-11 13:41:56.862200, 271.907470703125, 455.427490234375, -23.000322341918945,
232 ,2019-01-11 13:41:57.910798, 271.1193542480469, 455.32159423828125, -23.145362854003906,
233 ,2019-01-11 13:41:58.849847, 270.3312072753906, 455.194580078125, -23.09192657470703,
234 ,2019-01-11 13:41:59.844652, 269.5430603027344, 454.98284912109375, -23.049942016601562,
235 ,2019-01-11 13:42:00.864189, 268.7549133300781, 455.08868408203125, -23.09956169128418,
236 ,2019-01-11 13:42:01.790630, 267.966796875, 455.0040283203125, -23.1758975982666,
237 ,2019-01-11 13:42:02.812768, 267.17864990234375, 454.876953125, -23.194982528686523,
238 ,2019-01-11 13:42:03.830102, 266.3905029296875, 454.74993896484375, -23.152996063232422,
239 ,2019-01-11 13:42:04.852575, 265.7584228515625, 454.58056640625, -23.16063117980957,
240 ,2019-01-11 13:42:05.876999, 265.0968017578125, 454.4323425292969, -23.191165924072266,
241 ,2019-01-11 13:42:06.797146, 264.4420166015625, 454.495849609375, -23.084293365478516,
242 ,2019-01-11 13:42:07.817428, 263.77972412109375, 454.36883544921875, -23.061391830444336,
243 ,2019-01-11 13:42:08.839566, 263.11505126953125, 454.199462890625, -23.11482810974121,
244 ,2019-01-11 13:42:09.863081, 262.4507751464844, 454.0724182128906, -23.172080993652344,
245 ,2019-01-11 13:42:10.883604, 261.7847595214844, 454.13592529296875, -23.145362854003906,
246 ,2019-01-11 13:42:11.804862, 261.1163330078125, 453.8606872558594, -23.24078369140625,
247 ,2019-01-11 13:42:12.828007, 260.460205078125, 453.79718017578125, -23.145362854003906,
248 ,2019-01-11 13:42:13.858501, 259.78631591796875, 453.733642578125, -23.15681266784668,
249 ,2019-01-11 13:42:14.779353, 259.1163024902344, 453.60662841796875, -23.16063117980957,
250 ,2019-01-11 13:42:15.802840, 258.4476013183594, 453.500732421875, -23.16063117980957,
251 ,2019-01-11 13:42:16.823586, 257.7796936035156, 453.3948974609375, -23.191165924072266,
252 ,2019-01-11 13:42:17.848071, 257.0907287597656, 453.2466735839844, -23.187347412109375,
253 ,2019-01-11 13:42:18.868912, 256.4261474609375, 453.2043151855469, -23.122461318969727,
254 ,2019-01-11 13:42:19.791304, 255.7407989501953, 453.0772705078125, -23.11864471435547,
255 ,2019-01-11 13:42:20.817504, 255.05828857421875, 452.99261474609375, -23.126277923583984,
256 ,2019-01-11 13:42:21.841841, 254.37396240234375, 452.95025634765625, -23.17971420288086,
257 ,2019-01-11 13:42:22.761732, 253.69302368164062, 452.71734619140625, -23.24078369140625,
258 ,2019-01-11 13:42:23.785314, 253.0256805419922, 452.65380859375, -23.233150482177734,
259 ,2019-01-11 13:42:24.810457, 252.35260009765625, 452.5903015136719, -23.206432342529297,
260 ,2019-01-11 13:42:25.831248, 251.6743927001953, 452.3997497558594, -23.22551727294922,
261 ,2019-01-11 13:42:26.854824, 251.00665283203125, 452.33624267578125, -23.28277015686035,
262 ,2019-01-11 13:42:27.874018, 250.32249450683594, 452.25152587890625, -23.187347412109375,
263 ,2019-01-11 13:42:28.795303, 249.6241912841797, 452.10333251953125, -23.244600296020508,
264 ,2019-01-11 13:42:29.817914, 248.95335388183594, 451.9339599609375, -23.328571319580078,
265 ,2019-01-11 13:42:30.808377, 248.2762908935547, 451.87042236328125, -23.278953552246094,
266 ,2019-01-11 13:42:31.857205, 247.5706787109375, 451.7010498046875, -23.229333877563477,
267 ,2019-01-11 13:42:32.910926, 246.8709259033203, 451.63751220703125, -23.28658676147461,
268 ,2019-01-11 13:42:33.844066, 246.16363525390625, 451.59521484375, -23.28277015686035,
269 ,2019-01-11 13:42:34.892137, 245.4548797607422, 451.4681396484375, -23.313304901123047,
270 ,2019-01-11 13:42:35.832169, 244.76043701171875, 451.2352294921875, -23.26368522644043,
271 ,2019-01-11 13:42:36.881144, 244.07057189941406, 451.2140808105469, -23.343839645385742,
272 ,2019-01-11 13:42:37.819828, 243.37132263183594, 450.91766357421875, -23.32475471496582,
273 ,2019-01-11 13:42:38.868482, 242.68710327148438, 450.96002197265625, -23.36292266845703,
274 ,2019-01-11 13:42:39.802636, 241.98641967773438, 450.7906188964844, -23.290403366088867,
275 ,2019-01-11 13:42:40.840172, 241.2508544921875, 450.7059326171875, -23.37055778503418,
276 ,2019-01-11 13:42:41.885270, 240.54212951660156, 450.5788879394531, -23.336204528808594,
277 ,2019-01-11 13:42:42.826495, 239.83518981933594, 450.45184326171875, -23.317121505737305,
278 ,2019-01-11 13:42:43.873213, 239.1016082763672, 450.30364990234375, -23.328571319580078,
279 ,2019-01-11 13:42:44.807352, 238.3733673095703, 450.21893310546875, -23.37055778503418,
280 ,2019-01-11 13:42:45.861136, 237.65968322753906, 450.1766052246094, -23.443077087402344,
281 ,2019-01-11 13:42:46.792209, 236.95616149902344, 450.11309814453125, -23.37055778503418,
282 ,2019-01-11 13:42:47.847446, 236.25146484375, 449.83782958984375, -23.351472854614258,
283 ,2019-01-11 13:42:48.796486, 235.5627899169922, 449.68963623046875, -23.393457412719727,
284 ,2019-01-11 13:42:49.835727, 234.8399658203125, 449.68963623046875, -23.404909133911133,
285 ,2019-01-11 13:42:50.883482, 234.1125946044922, 449.49908447265625, -23.382007598876953,
286 ,2019-01-11 13:42:51.817774, 233.38153076171875, 449.35089111328125, -23.458345413208008,
287 ,2019-01-11 13:42:52.871811, 232.64883422851562, 449.3508605957031, -23.351472854614258,
288 ,2019-01-11 13:42:53.804425, 231.86473083496094, 449.26617431640625, -23.397274017333984,
289 ,2019-01-11 13:42:54.859575, 231.16693115234375, 449.07562255859375, -23.41254234313965,
290 ,2019-01-11 13:42:55.792914, 230.47654724121094, 448.9909362792969, -23.36292266845703,
291 ,2019-01-11 13:42:56.848600, 229.7189483642578, 448.84271240234375, -23.393457412719727,
292 ,2019-01-11 13:42:57.889181, 228.9877471923828, 448.69451904296875, -23.458345413208008,
293 ,2019-01-11 13:42:58.814264, 228.30462646484375, 448.60980224609375, -23.443077087402344,
294 ,2019-01-11 13:42:59.808966, 227.54830932617188, 448.4827880859375, -23.46979522705078,
295 ,2019-01-11 13:43:00.833566, 226.80853271484375, 448.292236328125, -23.507963180541992,
296 ,2019-01-11 13:43:01.854926, 226.10960388183594, 448.2498779296875, -23.416358947753906,
297 ,2019-01-11 13:43:02.878772, 225.3291473388672, 448.12286376953125, -23.530864715576172,
298 ,2019-01-11 13:43:03.802069, 224.6099090576172, 447.9746398925781, -23.43162727355957,
299 ,2019-01-11 13:43:04.824552, 223.86073303222656, 447.84759521484375, -23.565216064453125,
300 ,2019-01-11 13:43:05.844243, 223.12294006347656, 447.7840881347656, -23.49269676208496,
301 ,2019-01-11 13:43:06.864319, 222.34950256347656, 447.4876708984375, -23.523231506347656,
302 ,2019-01-11 13:43:07.784200, 221.667724609375, 447.38177490234375, -23.435443878173828,
303 ,2019-01-11 13:43:08.805641, 220.80873107910156, 447.2547607421875, -23.51177978515625,
304 ,2019-01-11 13:43:09.830123, 220.0391082763672, 447.12774658203125, -23.523231506347656,
305 ,2019-01-11 13:43:10.854532, 219.235595703125, 446.9371643066406, -23.488880157470703,
306 ,2019-01-11 13:43:11.777592, 218.4311981201172, 446.9583435058594, -23.607200622558594,
307 ,2019-01-11 13:43:12.797487, 217.64036560058594, 446.7466125488281, -23.614835739135742,
308 ,2019-01-11 13:43:13.822383, 216.97406005859375, 446.5560607910156, -23.542314529418945,
309 ,2019-01-11 13:43:14.850225, 216.1947479248047, 446.42901611328125, -23.549949645996094,
310 ,2019-01-11 13:43:15.873771, 215.3826141357422, 446.4078369140625, -23.588117599487305,
311 ,2019-01-11 13:43:16.793967, 214.61729431152344, 446.23846435546875, -23.500329971313477,
312 ,2019-01-11 13:43:17.818241, 213.79885864257812, 446.069091796875, -23.565216064453125,
313 ,2019-01-11 13:43:18.843440, 212.96241760253906, 445.96319580078125, -23.59575080871582,
314 ,2019-01-11 13:43:19.866047, 212.18443298339844, 445.7938232421875, -23.561399459838867,
315 ,2019-01-11 13:43:20.794088, 211.4180145263672, 445.66680908203125, -23.622468948364258,
316 ,2019-01-11 13:43:21.815547, 210.64019775390625, 445.58209228515625, -23.591934204101562,
317 ,2019-01-11 13:43:22.836983, 209.83995056152344, 445.43389892578125, -23.61865234375,
318 ,2019-01-11 13:43:23.862526, 209.05035400390625, 445.1798095703125, -23.59575080871582,
319 ,2019-01-11 13:43:24.785208, 208.2660369873047, 445.1586608886719, -23.607200622558594,
320 ,2019-01-11 13:43:25.804915, 207.4225311279297, 445.01043701171875, -23.607200622558594,
321 ,2019-01-11 13:43:26.825670, 206.6238555908203, 444.9045715332031, -23.675905227661133,
322 ,2019-01-11 13:43:27.858335, 205.85299682617188, 444.73516845703125, -23.614835739135742,
323 ,2019-01-11 13:43:28.882534, 205.04159545898438, 444.62933349609375, -23.630102157592773,
324 ,2019-01-11 13:43:29.802872, 204.2173614501953, 444.375244140625, -23.687355041503906,
325 ,2019-01-11 13:43:30.909064, 203.49427795410156, 444.35406494140625, -23.7178897857666,
326 ,2019-01-11 13:43:31.847327, 202.64967346191406, 444.20587158203125, -23.653003692626953,
327 ,2019-01-11 13:43:32.780030, 201.82887268066406, 444.0364990234375, -23.66063690185547,
328 ,2019-01-11 13:43:33.835689, 201.01499938964844, 443.994140625, -23.66063690185547,
329 ,2019-01-11 13:43:34.883339, 200.19224548339844, 443.76123046875, -23.748424530029297,
330 ,2019-01-11 13:43:35.804144, 199.41468811035156, 443.5071716308594, -23.7178897857666,
331 ,2019-01-11 13:43:36.854776, 198.62911987304688, 443.380126953125, -23.771326065063477,
332 ,2019-01-11 13:43:37.902491, 197.76608276367188, 443.25311279296875, -23.736974716186523,
333 ,2019-01-11 13:43:38.842604, 196.89820861816406, 443.0413818359375, -23.664453506469727,
334 ,2019-01-11 13:43:39.776157, 196.01544189453125, 443.0413818359375, -23.752241134643555,
335 ,2019-01-11 13:43:40.826349, 195.0426483154297, 442.78729248046875, -23.729341506958008,
336 ,2019-01-11 13:43:41.880231, 194.1990203857422, 442.7026062011719, -23.756057739257812,
337 ,2019-01-11 13:43:42.812318, 193.3539276123047, 442.5120544433594, -23.82857894897461,
338 ,2019-01-11 13:43:43.863260, 192.5602264404297, 442.36383056640625, -23.836212158203125,
339 ,2019-01-11 13:43:44.799795, 191.7676239013672, 442.13092041015625, -23.8476619720459,
340 ,2019-01-11 13:43:45.836728, 190.9711456298828, 442.1097717285156, -23.74079132080078,
341 ,2019-01-11 13:43:46.884999, 190.00428771972656, 441.8556823730469, -23.74460792541504,
342 ,2019-01-11 13:43:47.817640, 189.13919067382812, 441.8133544921875, -23.775142669677734,
343 ,2019-01-11 13:43:48.873333, 188.173583984375, 441.5804443359375, -23.736974716186523,
344 ,2019-01-11 13:43:49.790237, 187.27101135253906, 441.4745788574219, -23.809494018554688,
345 ,2019-01-11 13:43:50.841629, 186.3462677001953, 441.32635498046875, -23.93163299560547,
346 ,2019-01-11 13:43:51.895579, 185.6113739013672, 441.13580322265625, -23.82857894897461,
347 ,2019-01-11 13:43:52.829461, 184.73822021484375, 440.924072265625, -23.878198623657227,
348 ,2019-01-11 13:43:53.883359, 183.9177703857422, 440.94525146484375, -23.78277587890625,
349 ,2019-01-11 13:43:54.815968, 182.9652557373047, 440.6488342285156, -23.82857894897461,
350 ,2019-01-11 13:43:55.872050, 182.15208435058594, 440.56414794921875, -23.885831832885742,
351 ,2019-01-11 13:43:56.919753, 181.18496704101562, 440.2677307128906, -23.82476234436035,
352 ,2019-01-11 13:43:57.852941, 180.28257751464844, 440.18304443359375, -23.916366577148438,
353 ,2019-01-11 13:43:58.790700, 179.33506774902344, 440.09832763671875, -23.82476234436035,
354 ,2019-01-11 13:43:59.798048, 178.46595764160156, 439.8865966796875, -23.90491485595703,
355 ,2019-01-11 13:44:00.822592, 177.54721069335938, 439.71722412109375, -23.943084716796875,
356 ,2019-01-11 13:44:01.846571, 176.67010498046875, 439.52667236328125, -23.885831832885742,
357 ,2019-01-11 13:44:02.869078, 175.7404022216797, 439.4631652832031, -23.885831832885742,
358 ,2019-01-11 13:44:03.791317, 174.8265838623047, 439.2302551269531, -23.908733367919922,
359 ,2019-01-11 13:44:04.812202, 174.02903747558594, 439.0608825683594, -23.958351135253906,
360 ,2019-01-11 13:44:05.833496, 173.07640075683594, 438.8491516113281, -24.030872344970703,
361 ,2019-01-11 13:44:06.856050, 172.17251586914062, 438.7432861328125, -23.958351135253906,
362 ,2019-01-11 13:44:07.777747, 171.23118591308594, 438.61627197265625, -23.996519088745117,
363 ,2019-01-11 13:44:08.802878, 170.36451721191406, 438.3621826171875, -23.99270248413086,
364 ,2019-01-11 13:44:09.825275, 169.3970947265625, 438.2351379394531, -23.996519088745117,
365 ,2019-01-11 13:44:10.846569, 168.43435668945312, 438.0869140625, -24.019420623779297,
366 ,2019-01-11 13:44:11.873578, 167.4693603515625, 437.7904968261719, -23.958351135253906,
367 ,2019-01-11 13:44:12.794431, 166.55072021484375, 437.5999755859375, -23.939268112182617,
368 ,2019-01-11 13:44:13.814503, 165.47381591796875, 437.49407958984375, -24.080490112304688,
369 ,2019-01-11 13:44:14.838618, 164.4382781982422, 437.2823486328125, -24.091941833496094,
370 ,2019-01-11 13:44:15.859901, 163.50161743164062, 437.0071105957031, -24.019420623779297,
371 ,2019-01-11 13:44:16.782764, 162.45240783691406, 436.9012451171875, -24.080490112304688,
372 ,2019-01-11 13:44:17.802766, 161.38803100585938, 436.8165588378906, -24.084306716918945,
373 ,2019-01-11 13:44:18.825827, 160.4615936279297, 436.6260070800781, -24.05377197265625,
374 ,2019-01-11 13:44:19.846572, 159.50595092773438, 436.39312744140625, -24.164461135864258,
375 ,2019-01-11 13:44:20.871515, 158.55030822753906, 436.244873046875, -24.091941833496094,
376 ,2019-01-11 13:44:21.896047, 157.5795440673828, 436.16021728515625, -24.11484146118164,
377 ,2019-01-11 13:44:22.822466, 156.6724090576172, 435.96966552734375, -24.194995880126953,
378 ,2019-01-11 13:44:23.851554, 155.82452392578125, 435.73675537109375, -24.149194717407227,
379 ,2019-01-11 13:44:24.871413, 154.89585876464844, 435.630859375, -24.13774299621582,
380 ,2019-01-11 13:44:25.893706, 153.86611938476562, 435.35565185546875, -24.133926391601562,
381 ,2019-01-11 13:44:26.813581, 152.96322631835938, 435.2921142578125, -24.18354606628418,
382 ,2019-01-11 13:44:27.836511, 151.9893035888672, 435.12274169921875, -24.149194717407227,
383 ,2019-01-11 13:44:28.859371, 150.96151733398438, 434.7839660644531, -24.236980438232422,
384 ,2019-01-11 13:44:29.783537, 150.0267333984375, 434.6781005859375, -24.126293182373047,
385 ,2019-01-11 13:44:30.895616, 148.960205078125, 434.487548828125, -24.22171401977539,
386 ,2019-01-11 13:44:31.835020, 147.9500274658203, 434.33935546875, -24.194995880126953,
387 ,2019-01-11 13:44:32.882870, 146.9547119140625, 434.2122802734375, -24.252248764038086,
388 ,2019-01-11 13:44:33.816943, 145.95413208007812, 434.021728515625, -24.217897415161133,
389 ,2019-01-11 13:44:34.854726, 144.91087341308594, 433.7676696777344, -24.294233322143555,
390 ,2019-01-11 13:44:35.902487, 144.0626983642578, 433.5982666015625, -24.233163833618164,
391 ,2019-01-11 13:44:36.843355, 143.04119873046875, 433.47125244140625, -24.355302810668945,
392 ,2019-01-11 13:44:37.875889, 142.12014770507812, 433.3018798828125, -24.210264205932617,
393 ,2019-01-11 13:44:38.806799, 141.09658813476562, 433.0689697265625, -24.30568504333496,
394 ,2019-01-11 13:44:39.858924, 140.1177215576172, 432.8360595703125, -24.320951461791992,
395 ,2019-01-11 13:44:40.894754, 139.0943145751953, 432.62432861328125, -24.313318252563477,
396 ,2019-01-11 13:44:41.828079, 138.09671020507812, 432.51849365234375, -24.401105880737305,
397 ,2019-01-11 13:44:42.878942, 137.0492401123047, 432.3279113769531, -24.30950164794922,
398 ,2019-01-11 13:44:43.811034, 136.0480194091797, 432.05267333984375, -24.343852996826172,
399 ,2019-01-11 13:44:44.850591, 134.99684143066406, 431.8409423828125, -24.431640625,
400 ,2019-01-11 13:44:45.782659, 134.00328063964844, 431.7138977050781, -24.34766960144043,
401 ,2019-01-11 13:44:46.832823, 132.98268127441406, 431.502197265625, -24.32858657836914,
402 ,2019-01-11 13:44:47.885604, 131.91366577148438, 431.20574951171875, -24.378204345703125,
403 ,2019-01-11 13:44:48.819014, 130.8506317138672, 431.09991455078125, -24.420190811157227,
404 ,2019-01-11 13:44:49.873000, 129.71604919433594, 430.9093322753906, -24.359121322631836,
405 ,2019-01-11 13:44:50.805750, 128.5676727294922, 430.570556640625, -24.53469467163086,
406 ,2019-01-11 13:44:51.860838, 127.58934783935547, 430.3800048828125, -24.44690704345703,
407 ,2019-01-11 13:44:52.793449, 126.4704818725586, 430.16827392578125, -24.416372299194336,
408 ,2019-01-11 13:44:53.830302, 125.31404876708984, 429.9565734863281, -24.523244857788086,
409 ,2019-01-11 13:44:54.880159, 124.2574462890625, 429.87188720703125, -24.443090438842773,
410 ,2019-01-11 13:44:55.812494, 123.11792755126953, 429.49078369140625, -24.427824020385742,
411 ,2019-01-11 13:44:56.867526, 121.9408950805664, 429.342529296875, -24.549962997436523,
412 ,2019-01-11 13:44:57.800990, 120.85579681396484, 429.17315673828125, -24.458358764648438,
413 ,2019-01-11 13:44:58.850266, 119.77294921875, 428.98260498046875, -24.542329788208008,
414 ,2019-01-11 13:44:59.844153, 118.7096176147461, 428.728515625, -24.527061462402344,
415 ,2019-01-11 13:45:00.865881, 117.70346069335938, 428.51678466796875, -24.572864532470703,
416 ,2019-01-11 13:45:01.889335, 116.6139144897461, 428.3897705078125, -24.5308780670166,
417 ,2019-01-11 13:45:02.811201, 115.55028533935547, 428.19921875, -24.542329788208008,
418 ,2019-01-11 13:45:03.836466, 114.56651306152344, 427.96630859375, -24.5308780670166,
419 ,2019-01-11 13:45:04.856294, 113.51917266845703, 427.7122497558594, -24.569047927856445,
420 ,2019-01-11 13:45:05.781158, 112.47054290771484, 427.50048828125, -24.57668113708496,
421 ,2019-01-11 13:45:06.906868, 111.39373016357422, 427.2676086425781, -24.721721649169922,
422 ,2019-01-11 13:45:07.829478, 110.36233520507812, 427.0135498046875, -24.65683364868164,
423 ,2019-01-11 13:45:08.851834, 109.28819274902344, 426.84417724609375, -24.614849090576172,
424 ,2019-01-11 13:45:09.872508, 108.15010833740234, 426.61126708984375, -24.710269927978516,
425 ,2019-01-11 13:45:10.892935, 107.08977508544922, 426.3995361328125, -24.691186904907227,
426 ,2019-01-11 13:45:11.814241, 106.04720306396484, 426.124267578125, -24.649200439453125,
427 ,2019-01-11 13:45:12.833902, 104.96619415283203, 425.8702087402344, -24.756072998046875,
428 ,2019-01-11 13:45:13.860925, 103.88111114501953, 425.72198486328125, -24.729354858398438,
429 ,2019-01-11 13:45:14.885338, 102.80812072753906, 425.29852294921875, -24.74462127685547,
430 ,2019-01-11 13:45:15.812734, 101.71049499511719, 425.129150390625, -24.752256393432617,
431 ,2019-01-11 13:45:16.835501, 100.6148681640625, 424.7904052734375, -24.752256393432617,
432 ,2019-01-11 13:45:17.862948, 99.53194427490234, 424.57867431640625, -24.78660774230957,
433 ,2019-01-11 13:45:18.886587, 98.45980834960938, 424.38812255859375, -24.80569076538086,
434 ,2019-01-11 13:45:19.807507, 97.28257751464844, 424.19757080078125, -24.80569076538086,
435 ,2019-01-11 13:45:20.829756, 96.0634765625, 423.8376159667969, -24.862943649291992,
436 ,2019-01-11 13:45:21.852866, 94.91790008544922, 423.7529296875, -24.729354858398438,
437 ,2019-01-11 13:45:22.773620, 93.62325286865234, 423.4141845703125, -24.84767723083496,
438 ,2019-01-11 13:45:23.796544, 92.4555435180664, 423.2024230957031, -24.813325881958008,
439 ,2019-01-11 13:45:24.817413, 91.35114288330078, 422.96954345703125, -24.8743953704834,
440 ,2019-01-11 13:45:25.840985, 90.2767562866211, 422.7154541015625, -24.954547882080078,
441 ,2019-01-11 13:45:26.861513, 89.19404602050781, 422.35552978515625, -24.862943649291992,
442 ,2019-01-11 13:45:27.787867, 88.2117919921875, 422.1861572265625, -24.946914672851562,
443 ,2019-01-11 13:45:28.810572, 87.03865814208984, 421.97442626953125, -24.977449417114258,
444 ,2019-01-11 13:45:29.830381, 86.00337219238281, 421.7203369140625, -24.93164825439453,
445 ,2019-01-11 13:45:30.832539, 84.9334487915039, 421.5932922363281, -24.95073127746582,
446 ,2019-01-11 13:45:31.880502, 83.82170867919922, 421.12750244140625, -25.000350952148438,
447 ,2019-01-11 13:45:32.814143, 82.87089538574219, 420.93695068359375, -24.977449417114258,
448 ,2019-01-11 13:45:33.867647, 81.81806945800781, 420.6405029296875, -25.027069091796875,
449 ,2019-01-11 13:45:34.799815, 80.75516510009766, 420.42877197265625, -25.01180076599121,
450 ,2019-01-11 13:45:35.854822, 79.6528091430664, 420.13238525390625, -24.988901138305664,
451 ,2019-01-11 13:45:36.787974, 78.55673217773438, 419.9630126953125, -25.09577178955078,
452 ,2019-01-11 13:45:37.822312, 77.38005828857422, 419.5606994628906, -25.137758255004883,
453 ,2019-01-11 13:45:38.874861, 76.3980484008789, 419.4125061035156, -25.133939743041992,
454 ,2019-01-11 13:45:39.807813, 75.30144500732422, 419.13726806640625, -25.09958839416504,
455 ,2019-01-11 13:45:40.863826, 74.28463745117188, 418.7984619140625, -25.126306533813477,
456 ,2019-01-11 13:45:41.781323, 73.26119232177734, 418.48089599609375, -25.12248992919922,
457 ,2019-01-11 13:45:42.813186, 72.1604995727539, 418.29034423828125, -25.09577178955078,
458 ,2019-01-11 13:45:43.834062, 70.95218658447266, 417.8880615234375, -25.198827743530273,
459 ,2019-01-11 13:45:44.769581, 69.8982925415039, 417.7186584472656, -25.236995697021484,
460 ,2019-01-11 13:45:45.818106, 68.73155975341797, 417.31640625, -25.191192626953125,
461 ,2019-01-11 13:45:46.872390, 67.59249877929688, 416.91412353515625, -25.16065788269043,
462 ,2019-01-11 13:45:47.804701, 66.40763854980469, 416.5541687011719, -25.24462890625,
463 ,2019-01-11 13:45:48.860356, 65.28435516357422, 416.21539306640625, -25.240812301635742,
464 ,2019-01-11 13:45:49.777358, 63.947086334228516, 415.9613037109375, -25.278980255126953,
465 ,2019-01-11 13:45:50.825468, 62.6309700012207, 415.64373779296875, -25.278980255126953,
466 ,2019-01-11 13:45:51.880363, 61.28757858276367, 415.2838134765625, -25.324783325195312,
467 ,2019-01-11 13:45:52.813462, 60.03219223022461, 414.98736572265625, -25.36676788330078,
468 ,2019-01-11 13:45:53.834853, 58.734771728515625, 414.7333068847656, -25.347684860229492,
469 ,2019-01-11 13:45:54.886351, 57.54011154174805, 414.3310241699219, -25.4163875579834,
470 ,2019-01-11 13:45:55.818982, 56.4302864074707, 414.1192626953125, -25.38966941833496,
471 ,2019-01-11 13:45:56.874600, 55.231544494628906, 413.7170104980469, -25.485090255737305,
472 ,2019-01-11 13:45:57.807275, 54.11368179321289, 413.33587646484375, -25.4163875579834,
473 ,2019-01-11 13:45:58.855621, 52.94315719604492, 413.1029968261719, -25.443105697631836,
474 ,2019-01-11 13:45:59.849366, 51.73638916015625, 412.7430419921875, -25.45455551147461,
475 ,2019-01-11 13:46:00.869182, 50.52418518066406, 412.4889831542969, -25.47745704650879,
476 ,2019-01-11 13:46:01.789079, 49.362918853759766, 412.0867004394531, -25.488906860351562,
477 ,2019-01-11 13:46:02.811596, 48.15992736816406, 411.6844177246094, -25.5576114654541,
478 ,2019-01-11 13:46:03.833028, 47.007381439208984, 411.4091796875, -25.57669448852539,
479 ,2019-01-11 13:46:04.855674, 45.8533821105957, 411.11273193359375, -25.527076721191406,
480 ,2019-01-11 13:46:05.876600, 44.66035842895508, 410.562255859375, -25.630130767822266,
481 ,2019-01-11 13:46:06.798400, 43.535518646240234, 410.2869873046875, -25.649215698242188,
482 ,2019-01-11 13:46:07.819949, 42.25170135498047, 409.9906005859375, -25.645397186279297,
483 ,2019-01-11 13:46:08.839057, 41.00838088989258, 409.71533203125, -25.653032302856445,
484 ,2019-01-11 13:46:09.861375, 39.8397102355957, 409.20721435546875, -25.74463653564453,
485 ,2019-01-11 13:46:10.884764, 38.73616409301758, 408.8260803222656, -25.695016860961914,
486 ,2019-01-11 13:46:11.805092, 37.63321304321289, 408.36029052734375, -25.77135467529297,
487 ,2019-01-11 13:46:12.828209, 36.66786193847656, 408.08502197265625, -25.72173500061035,
488 ,2019-01-11 13:46:13.849127, 35.59348678588867, 407.6192321777344, -25.83242416381836,
489 ,2019-01-11 13:46:14.869180, 34.574153900146484, 407.1957702636719, -25.83242416381836,
490 ,2019-01-11 13:46:15.790278, 33.47246551513672, 406.7723388671875, -25.91257667541504,
491 ,2019-01-11 13:46:16.813892, 32.44113540649414, 406.2218017578125, -25.904943466186523,
492 ,2019-01-11 13:46:17.833547, 31.373409271240234, 405.75604248046875, -25.878225326538086,
493 ,2019-01-11 13:46:18.858594, 30.283519744873047, 404.9937744140625, -25.966012954711914,
494 ,2019-01-11 13:46:19.882170, 29.10862159729004, 404.3162841796875, -26.000364303588867,
495 ,2019-01-11 13:46:20.803503, 27.93129539489746, 403.68109130859375, -26.065250396728516,
496 ,2019-01-11 13:46:21.829007, 26.53428077697754, 403.06707763671875, -26.107236862182617,
497 ,2019-01-11 13:46:22.851612, 25.08002471923828, 402.431884765625, -26.12250328063965,
498 ,2019-01-11 13:46:23.875565, 23.64288902282715, 401.669677734375, -26.214107513427734,
499 ,2019-01-11 13:46:24.797020, 22.16977882385254, 400.99212646484375, -26.214107513427734,
500 ,2019-01-11 13:46:25.817642, 20.634632110595703, 400.1028747558594, -26.282812118530273,
501 ,2019-01-11 13:46:26.837654, 19.250225067138672, 399.36181640625, -26.298078536987305,
502 ,2019-01-11 13:46:27.859651, 17.805498123168945, 398.62078857421875, -26.416400909423828,
503 ,2019-01-11 13:46:28.780488, 16.378501892089844, 397.985595703125, -26.382049560546875,
504 ,2019-01-11 13:46:29.802643, 14.954505920410156, 397.24456787109375, -26.37441635131836,
505 ,2019-01-11 13:46:30.897416, 13.637617111206055, 396.524658203125, -26.47365379333496,
506 ,2019-01-11 13:46:31.836841, 12.36137866973877, 395.762451171875, -26.603425979614258,
507 ,2019-01-11 13:46:32.869310, 11.210123062133789, 395.000244140625, -26.603425979614258,
508 ,2019-01-11 13:46:33.801515, 10.09699535369873, 394.2168273925781, -26.679763793945312,
509 ,2019-01-11 13:46:34.856151, 9.04208755493164, 393.306396484375, -26.710298538208008,
510 ,2019-01-11 13:46:35.788666, 8.005001068115234, 392.48065185546875, -26.74464988708496,
511 ,2019-01-11 13:46:36.842852, 6.981902122497559, 391.46435546875, -26.82862091064453,
512 ,2019-01-11 13:46:37.891642, 5.9997758865356445, 390.44805908203125, -26.950759887695312,
513 ,2019-01-11 13:46:38.825568, 5.039921283721924, 389.45294189453125, -26.927858352661133,
514 ,2019-01-11 13:46:39.879317, 4.108408451080322, 388.3519592285156, -27.027097702026367,
515 ,2019-01-11 13:46:40.812271, 3.235257863998413, 387.31451416015625, -27.111066818237305,
516 ,2019-01-11 13:46:41.850835, 2.4365193843841553, 386.1288146972656, -27.252290725708008,
517 ,2019-01-11 13:46:42.895792, 1.7227610349655151, 384.96429443359375, -27.237024307250977,
518 ,2019-01-11 13:46:43.816981, 1.1121480464935303, 383.5245361328125, -27.431682586669922,
519 ,2019-01-11 13:46:44.855325, 0.623310387134552, 382.16949462890625, -27.62252426147461,
520 ,2019-01-11 13:46:45.788934, 0.4011620581150055, 380.6238708496094, -27.64542579650879,
521 ,2019-01-11 13:46:46.837964, 0.4011620581150055, 378.67596435546875, -27.847719192504883,
522 ,2019-01-11 13:46:47.892034, 0.4011620581150055, 376.6434020996094, -27.88970375061035,
523 ,2019-01-11 13:46:48.823421, 0.4011620581150055, 374.5260925292969, -13.713932991027832,
524 ,2019-01-11 13:46:49.877635, 0.4011620581150055, 464.3412170410156, -0.3702341914176941,
525 ,2019-01-11 13:46:50.794826, 0.4011620581150055, 466.6067199707031, -0.36260050535202026,
526 ,2019-01-11 13:46:51.839341, 0.4011620581150055, 468.04644775390625, -0.3664173483848572,
527 ,2019-01-11 13:46:52.898944, 0.4011620581150055, 468.999267578125, -0.3664173483848572,
528 ,2019-01-11 13:46:53.831959, 0.4011620581150055, 469.761474609375, -0.3435162603855133,
529 ,2019-01-11 13:46:54.886970, 0.4011620581150055, 470.37548828125, -0.3435162603855133,
530 ,2019-01-11 13:46:55.818662, 0.4011620581150055, 470.9048156738281, -0.35878366231918335,
531 ,2019-01-11 13:46:56.873519, 0.4011620581150055, 471.3282470703125, -0.35878366231918335,
532 ,2019-01-11 13:46:57.805977, 0.4011620581150055, 471.6458740234375, -0.35878366231918335,
533 ,2019-01-11 13:46:58.856935, 0.4011620581150055, 472.0269775390625, -0.3473331332206726,
534 ,2019-01-11 13:46:59.852991, 0.4011620581150055, 472.34454345703125, -0.3473331332206726,
535 ,2019-01-11 13:47:00.878318, 0.4011620581150055, 472.61981201171875, -0.36260050535202026,
536 ,2019-01-11 13:47:01.905494, 0.4011620581150055, 472.85272216796875, -0.3702341914176941,
537 ,2019-01-11 13:47:02.828464, 0.4011620581150055, 473.1279296875, -0.3511499762535095,
538 ,2019-01-11 13:47:03.852019, 0.4011620581150055, 473.3185119628906, -0.41603636741638184,
539 ,2019-01-11 13:47:04.875882, 0.4011620581150055, 473.5513916015625, -0.3396994173526764,
540 ,2019-01-11 13:47:05.798170, 0.4011620581150055, 473.7207946777344, -0.35496681928634644,
541 ,2019-01-11 13:47:06.820899, 0.4011620581150055, 473.8901672363281, -0.3702341914176941,
542 ,2019-01-11 13:47:07.842862, 0.4011620581150055, 474.0172119140625, -0.3511499762535095,
